cluster_ID	cluster_size	num_donors	epitope	top_HV	top_LV	top_HV_freq	top_LV_freq	CDRH3_consen	structure
1	139	57	S:RBD	IGHV3-53/3-66	IGKV1-9	0.9856115107913669	0.7050359712230215	ARDLVYYGMDV	7E86,7ND6,6XC2,6XC3,7MZG,7BEJ,7BEK,7CHS,7CHP,7CH4,7CHF,7E8C,7CDI,7E8M,7BEI,7ND5
2	77	34	S:RBD	IGHV3-53/3-66	IGKV3-20	0.974025974025974	0.5844155844155844	ARDYGDYYFDY	6XC4,6XC7,7KN6,7KN7,7CH5,7CHC,7D0C,7K8N,7K8M,7MZF
3	73	27	S:RBD	IGHV1-58	IGKV3-20	1.0	0.9452054794520548	AAPYCSGGSCYDAFDI	7BEN,7L7E,7L7D,7E3K,7MM0,7MLZ,7BEO,7ND9,7NDA,7LRT,7LRS,7NDB,7EZV,7E3L,7K4N,7K45,7K3Q,7R6X
4	68	29	S:RBD	IGHV3-53/3-66	Diverse	0.9852941176470589	0.4411764705882353	ARDLEEAGGMDV	6XE1,7CHB,7CHE,7JMO,7M6D
5	52	25	S:RBD	IGHV3-30	IGKV1-33	0.9807692307692307	0.7115384615384616	AKQGGPYCSGGSCYSGYFDY	nan
6	47	14	S:S2	IGHV3-30	Diverse	0.9361702127659575	0.44680851063829785	ARARGGNYYYGMDV	nan
7	45	21	S:RBD	Diverse	IGLV6-57	0.4222222222222222	0.9333333333333333	ARLRWLRGDFDY	7JVA,7JVC,7JXD
8	38	13	S:RBD	IGHV3-53/3-66	IGKV3-20	1.0	0.6842105263157895	ARESYGMDV	7BZ5
9	28	13	S:S2	IGHV3-30	Diverse	1.0	0.25	ARPYSGSYLSYFDY	nan
10	28	15	S:S2	IGHV4-59	IGKV3-20	0.9642857142857143	0.9642857142857143	ARGFDY	nan
11	25	14	S:S2	IGHV3-30	Diverse	1.0	0.48	ARARGGSYFDAFDI	nan
12	22	2	S:NTD	IGHV3-21	IGKV3-15	1.0	1.0	ARVVPHYYDSSGYYPGAFDI	nan
13	19	3	unknown	IGHV3-30	IGKV1-5	1.0	0.7894736842105263	AREAGSSGRAGWFDP	nan
14	19	3	S:RBD	IGHV3-53/3-66	IGLV2-14	1.0	0.8947368421052632	AREGDVEGYYDFWSGYSRDRYYFDY	7R8N,7K90
15	15	11	S:S2	IGHV1-69	IGKV3-11	1.0	1.0	ARVYSYDSSGYYYDY	nan
16	15	2	S:RBD	IGHV4-59	IGLV2-14	1.0	1.0	ARAAGVRSVVAAASTYYYYYGMDV	nan
17	13	4	S:RBD	IGHV4-34	IGKV3-20	1.0	0.8461538461538461	ARKPLLYSDLSPGAFDI	7K8U
18	13	6	S:S2	IGHV3-7	IGLV3-1	1.0	1.0	ARLSGSSWYFDY	nan
19	11	9	S:RBD	IGHV3-30	Diverse	0.8181818181818182	0.45454545454545453	AKGGYSYGYPDYYFDY	nan
20	11	8	S:RBD	IGHV3-48	IGKV1-39	1.0	1.0	ARHLGATSYYYYGMDV	nan
21	11	8	S:RBD	IGHV3-30	IGKV1-39	0.8181818181818182	1.0	ARDGDVDTAMVTWFDY	nan
22	10	7	S:RBD	IGHV3-30	IGLV2-14	0.8	0.8	AREDYYDSSGSFDY	nan
23	10	3	S:RBD	IGHV1-69	IGKV3-20	1.0	0.6	ARAGYYYDSSGYHFDY	7LJR
24	10	5	S:RBD	IGHV1-69	IGLV1-40	1.0	0.9	ARERGYSGYGASYYFDY	nan
25	9	7	S:RBD	IGHV3-53/3-66	IGKV1-9	0.8888888888888888	0.8888888888888888	ARDRGEDVFDI	nan
26	9	6	S:RBD	IGHV5-51	IGKV1-5	0.5555555555555556	0.7777777777777778	ARLYCGGDCPFDY	nan
27	9	6	S:RBD	IGHV4-31	IGKV1-33	1.0	1.0	ARDYGGNSNYFGY	nan
28	9	8	S:RBD	IGHV4-59	Diverse	0.8888888888888888	0.3333333333333333	ATYYYDSSGYSYGMDV	nan
29	9	7	S:RBD	IGHV3-53/3-66	IGKV1-9	1.0	0.8888888888888888	ARGGGYYYGMDV	nan
30	8	6	S:RBD	Diverse	IGKV1-39	0.5	1.0	ARDQGEVVTHFDY	nan
31	8	3	S:RBD	IGHV4-59	IGKV3-11	1.0	0.625	ARDRGYSSGWPDAFDI	nan
32	8	4	S:RBD	IGHV1-69	IGLV1-40	1.0	1.0	ARDSGYSGYGSTYYMDV	nan
33	7	6	S:RBD	IGHV3-53/3-66	IGKV1-9	1.0	1.0	ARDFFEGAFDI	7BEM,7NEG,7NEH
34	7	7	S:S2	IGHV3-30	Diverse	1.0	0.2857142857142857	ARAGGGSYRGPFDY	nan
35	7	7	S:RBD	IGHV3-30	Diverse	0.8571428571428571	0.42857142857142855	AKVSGSYYYYYYGMDV	nan
36	7	2	S:RBD	IGHV1-18	IGLV2-8	1.0	1.0	ARWIHRDFDWLPYGMFMDV	nan
37	7	4	S:NTD	IGHV3-15	IGKV1-39	1.0	0.5714285714285714	TTDRIYDYVWGSYRYRDY	nan
38	7	5	S:RBD	IGHV3-30	IGKV4-1	1.0	0.8571428571428571	AKDYGDYGAFDY	nan
39	6	2	S:S2	IGHV3-30	Diverse	1.0	0.5	ARSGSGNYYHWFDP	nan
40	6	2	S:RBD	IGHV4-34	IGLV1-40	0.8333333333333334	1.0	ARATYYYDSSGYGINWFDP	nan
41	6	4	S:RBD	IGHV4-59	IGLV1-51	1.0	0.6666666666666666	ARHYDILTALSWFDP	nan
42	6	3	S:RBD	IGHV3-53/3-66	IGLV2-8	1.0	1.0	ARGEGWDLPYDY	6XCA,6XCN,6XCM
43	6	5	S:RBD	IGHV3-53/3-66	Diverse	1.0	0.5	ARELRGYFDY	nan
44	5	2	S:RBD	IGHV3-30	IGLV3-21	1.0	0.6	ARAGTTNSDYFDY	nan
45	5	4	S:RBD	IGHV1-46	IGLV3-21	0.6	0.6	AREGVGGTGYFDY	nan
46	5	3	S:S2	IGHV3-30	IGKV3-11	1.0	0.6	ARGGGGNYYYFDY	nan
47	5	2	S:RBD	IGHV5-51	IGLV7-46	1.0	0.6	ARLSDRWYSPFDP	nan
48	5	3	S:RBD	IGHV3-74	IGKV1-39	1.0	0.6	TRDDSSWPHFFDN	nan
49	5	2	S:RBD	IGHV3-53/3-66	IGLV1-40	1.0	0.8	ARSYDILTGYRDAFDI	nan
50	5	3	S:RBD	IGHV3-23	IGKV1-12	0.8	0.6	AKRGGYCTSTICYTRYYYMDV	nan
51	5	2	S:RBD	IGHV3-33	IGKV2-28	0.6	0.6	AKGGWYSSKWYYFDY	nan
52	5	2	S:RBD	IGHV4-31	IGKV2-28	1.0	1.0	ARTWYYYDSSGSFDY	nan
53	5	2	S:RBD	IGHV3-13	IGKV1-39	1.0	0.8	ARVEYSSGIYWYFDL	nan
54	5	2	S:RBD	IGHV3-53/3-66	IGKV3-20	1.0	0.6	ARDLYSSGGTDI	7N3G,7N3I,7N3H,7R8L
55	4	2	S:RBD	IGHV3-53/3-66	IGKV1-33	1.0	1.0	ARDGRAVAGTD	nan
56	4	4	unknown	IGHV4-59	IGKV4-1	1.0	1.0	ARETRWNWFDS	nan
57	4	2	S:RBD	IGHV3-33	IGKV1-39	0.75	1.0	ARDYGDYVTYPDY	nan
58	4	4	unknown	Diverse	Diverse	0.5	0.5	ARGEGANYYGMDV	nan
59	4	2	S:RBD	IGHV3-15	IGKV1-39	1.0	1.0	TTTSDYGDYSPVY	nan
60	4	4	S:S2	IGHV3-33	IGLV3-10	1.0	1.0	ARDGIVGATTGIDY	nan
61	4	3	S:RBD	IGHV1-69	IGKV1-39	1.0	1.0	ARGGGSSGYNWFDP	nan
62	4	3	unknown	IGHV3-30	Diverse	0.75	0.5	ARSASGSYYGAFDY	nan
63	4	2	S:RBD	IGHV4-30-2/4-30-4	IGKV3-11	0.75	0.75	ARDGCSGGSCYSYWFDP	nan
64	4	3	S:RBD	IGHV3-30	IGKV1-33	1.0	1.0	AKKGSPYCGGDCYKGYFDY	nan
65	4	4	S:RBD	IGHV4-30-2/4-30-4	IGKV3-20	0.75	1.0	ARTYYYDSSGNYFQYYFDY	nan
66	4	3	S:RBD	IGHV1-46	Diverse	1.0	0.5	ARDIAFVPAAMGLDY	nan
67	4	3	S:RBD	IGHV4-61	Diverse	1.0	0.5	ARETYYYDSSGYYISDAFDI	nan
68	4	4	S:RBD	IGHV3-53/3-66	IGKV1-9	1.0	1.0	AREVYAFDI	nan
69	4	4	S:RBD	IGHV3-53/3-66	Diverse	0.75	0.5	ARDRGGFGDY	nan
70	4	3	S:RBD	IGHV3-53/3-66	IGKV1-33	1.0	1.0	ARDRGLVSDY	7E88
71	3	3	S:RBD	IGHV3-53/3-66	IGKV1-33	1.0	1.0	ARDLGGLRFDY	nan
72	3	3	S:RBD	IGHV5-10-1	IGKV1-33	0.6666666666666666	0.6666666666666666	ARHYSSGWYDY	nan
73	3	3	unknown	IGHV3-30	IGKV2-30	1.0	1.0	ARGAVAGDDAFDI	nan
74	3	3	S:S2	IGHV3-30	IGKV3-20	1.0	0.6666666666666666	ARGRGSYQTYFDY	nan
75	3	3	S:RBD	IGHV3-53/3-66	IGKV1-33	1.0	1.0	ARPIVGARAGMDV	nan
76	3	3	S:RBD	IGHV5-10-1	IGLV2-14	0.6666666666666666	0.6666666666666666	ARQLCGGDCYPDY	nan
77	3	2	S:RBD	IGHV3-53/3-66	IGLV2-14	1.0	1.0	AGSPVRGVITHFDY	nan
78	3	3	S:RBD	IGHV3-9	IGLV3-21	0.6666666666666666	0.6666666666666666	AKDIGSGYGDYFDY	nan
79	3	2	S:RBD	IGHV3-30	IGKV1-33	1.0	1.0	AKGGAYSYYYYMDV	7BEL
80	3	3	S:S2	Diverse	IGKV1-39	0.3333333333333333	1.0	ARGPAATYYYYMDV	nan
81	3	2	S:RBD	IGHV1-69	IGKV3-15	1.0	1.0	ARGVVAATPGNFDI	nan
82	3	3	S:RBD	IGHV5-51	IGLV1-44	1.0	1.0	ARRDSGSYSGYFDY	nan
83	3	2	S:RBD	IGHV3-30	IGLV2-14	1.0	0.6666666666666666	AKTYSGYGYYYYGMDV	nan
84	3	3	S:RBD	IGHV3-30	IGKV4-1	1.0	1.0	ARDSEDCSSLSCYLDY	nan
85	3	2	S:RBD	IGHV1-46	IGLV1-44	1.0	0.6666666666666666	ARGFHVPAALRNWFDP	nan
86	3	2	unknown	IGHV3-30	Diverse	1.0	0.3333333333333333	AKEGSKGWLQSSCYFDY	nan
87	3	2	S:RBD	IGHV3-30	IGLV6-57	1.0	1.0	ARADLGYCTNGVCYVDY	nan
88	3	2	unknown	IGHV5-51	IGKV3-20	0.6666666666666666	0.6666666666666666	ARPDYSSGWFSYWYFDL	nan
89	3	2	S:NTD	IGHV3-48	IGKV1-9	1.0	1.0	ARRSYRSSWYYYYGMDV	nan
90	3	2	S:RBD	IGHV1-18	IGKV3-15	1.0	1.0	ARVGTYYYDSSAYYFDY	nan
91	3	3	S:NTD	IGHV1-24	Diverse	1.0	0.3333333333333333	ATGVAVAGTPINYYYYYGMDV	nan
92	3	2	S:RBD	IGHV3-53/3-66	IGLV1-40	1.0	1.0	ARGDGWDNYYYGMDV	nan
93	3	2	unknown	IGHV4-39	IGLV2-8	1.0	0.6666666666666666	ARRLRQLWFGPWFDP	nan
94	3	2	S:NTD	IGHV4-4	IGLV2-23	1.0	0.6666666666666666	ARRYCSGGTCSPFDY	nan
95	3	2	unknown	IGHV3-23	IGKV2-24	1.0	0.6666666666666666	CPDLDSSASWETLHV	nan
96	3	2	S:RBD	IGHV1-69	IGKV3-20	0.6666666666666666	0.6666666666666666	ATKPYYYDSSGYYGGFDY	nan
97	3	2	S:RBD	IGHV3-30	IGKV1-33	1.0	1.0	AKQAGPYCSGGNCYGGTLDY	nan
98	3	2	S:RBD	IGHV1-8	IGKV1-9	1.0	1.0	ARGGRYCSGDSCYSNIWFDP	nan
99	3	2	unknown	IGHV1-2	Diverse	1.0	0.3333333333333333	ARVDTTGTTFWLYYYYGMDV	nan
100	3	3	S:RBD	IGHV3-53/3-66	IGKV1-9	0.6666666666666666	0.6666666666666666	ARDRAHYYGMDV	nan
101	3	2	S:RBD	nan	nan	1.0	1.0	ARDFISRPRGYR	nan
102	3	3	S:RBD	IGHV1-18	IGLV2-23	1.0	1.0	ARDGELLGWFDP	nan
103	3	2	S:RBD	IGHV3-53/3-66	IGKV1-39	1.0	0.6666666666666666	ARELGPVGGTDQ	nan
104	2	2	S:RBD	IGHV3-53/3-66	Diverse	1.0	0.5	ARDFWEGAMDV	nan
105	2	2	S:RBD	IGHV3-53/3-66	Diverse	1.0	0.5	ARENYGGAFDI	nan
106	2	2	S:S2	IGHV3-30	IGKV3-20	1.0	1.0	ARGPNYSYMDV	nan
107	2	2	S:RBD	IGHV3-53/3-66	IGKV1-9	1.0	1.0	ARSFYFDAFDI	nan
108	2	2	S:RBD	IGHV5-51	IGKV1-5	1.0	1.0	ARSSNWNYGDY	nan
109	2	2	S:RBD	IGHV4-31	IGKV3-11	1.0	1.0	ARVGDFDWFDT	nan
110	2	2	S:RBD	IGHV3-23	IGKV1-5	1.0	1.0	AKGPRGSEDYFES	nan
111	2	2	unknown	IGHV3-7	IGLV3-1	1.0	1.0	ARDGIAVAGGFDY	nan
112	2	2	unknown	IGHV3-21	Diverse	1.0	0.5	ARDVASNYAYFDL	nan
113	2	2	unknown	Diverse	Diverse	0.5	0.5	AREGAVAGGDFDY	nan
114	2	2	S:RBD	Diverse	IGLV3-21	0.5	1.0	ARPSSSLTSYFDY	nan
115	2	2	S:RBD	IGHV3-53/3-66	IGKV1-39	1.0	1.0	ARVLPLYGDYEDY	7C01
116	2	2	S:RBD	IGHV3-30	IGKV1-39	1.0	1.0	ASLITMVRGVFDY	nan
117	2	2	S:S2	IGHV3-30	Diverse	1.0	0.5	AKGYSGSYWDAFDI	nan
118	2	2	S:S2	IGHV3-30	Diverse	1.0	0.5	AKPQSGSYRDAFDI	nan
119	2	2	S:S2	IGHV3-30	Diverse	1.0	0.5	ARASSGGYWSAFDI	nan
120	2	2	S:S2	IGHV3-30	Diverse	1.0	0.5	ARDRSGGYSFSFDY	nan
121	2	2	S:S2	IGHV3-53/3-66	IGKV1-39	1.0	1.0	ARGDSNGWSYYFDY	nan
122	2	2	S:S2	IGHV3-30	Diverse	1.0	0.5	ARGRSGNYFSWFDP	nan
123	2	2	unknown	Diverse	IGKV1-39	0.5	1.0	ARGSIGTYYYYMDV	nan
124	2	2	S:S2	IGHV5-10-1	Diverse	1.0	0.5	ARHLGGELLGWFDP	nan
125	2	2	S:S2	IGHV1-69	IGKV3-11	1.0	1.0	ARLYCSDGSCPFDY	nan
126	2	2	S:S2	IGHV3-30	Diverse	1.0	0.5	ARPYSGNYFSAFDV	nan
127	2	2	S:S2	IGHV3-30	Diverse	1.0	0.5	ARTKGGSYFAPFDY	nan
128	2	2	S:RBD	Diverse	IGLV1-51	0.5	1.0	ATAPPTVTTEQFDY	nan
129	2	2	S:RBD	IGHV3-30	Diverse	1.0	0.5	AKCFYSYGYPCYYFDY	nan
130	2	2	S:RBD	IGHV3-30	Diverse	1.0	0.5	AKDGGYYYESSGWFDY	nan
131	2	2	S:RBD	IGHV3-30	IGKV1-33	1.0	1.0	AKDLYYYGSGSYVFDF	nan
132	2	2	S:NTD	IGHV3-30	IGKV3-20	1.0	1.0	AKDWDDAYYFYYYMDI	nan
133	2	2	S:RBD	IGHV3-30	IGKV1-33	1.0	1.0	AKEGWGYSYGSYYFDY	nan
134	2	2	S:RBD	IGHV3-13	IGKV1-39	1.0	1.0	ARGNFDSSGYYSNFDY	nan
135	2	2	S:RBD	IGHV1-69	IGKV3-20	1.0	1.0	ARGPYYYDSGGYYLDY	7M6I
136	2	2	S:RBD	IGHV4-59	IGLV1-40	1.0	1.0	ARHYDSSGYTYNWFDP	nan
137	2	2	unknown	IGHV4-30-2/4-30-4	Diverse	1.0	0.5	ARLSMTTVTRGNWFDP	nan
138	2	2	S:NTD	IGHV1-24	IGLV2-14	1.0	1.0	ATGPAIAAAETNWFDL	7E7X
139	2	2	S:NTD	IGHV3-23	IGLV1-51	1.0	1.0	AKAERITMLVVVTLIDY	nan
140	2	2	S:RBD	IGHV3-53/3-66	IGKV3-20	1.0	1.0	ARDRRIGIPFYYYYMDV	nan
141	2	2	S:S2	IGHV4-59	IGKV3-20	1.0	1.0	ARHLYDSSGYYYDAFDM	nan
142	2	2	unknown	IGHV4-39	Diverse	1.0	0.5	ARQRTHTIFGVVVHFDY	nan
143	2	2	S:RBD	IGHV3-53/3-66	IGKV1-33	1.0	1.0	ARDLRDEV	nan
144	2	2	S:RBD	IGHV4-59	Diverse	1.0	0.5	ARAPGASYSSGWYHYYYYMDV	nan
145	2	2	unknown	IGHV1-69	Diverse	1.0	0.5	ARDEGYCSGGSCYGYYYGMDV	nan
146	2	2	S:NTD	IGHV1-69	IGKV3-20	1.0	1.0	ARDDGKMNFGSAPWDFFHS	nan
147	2	2	S:RBD	IGHV3-23	Diverse	1.0	0.5	AKDDYGDYVLGAFDI	nan
148	2	2	S:RBD	IGHV1-46	IGKV3-11	1.0	1.0	ARDEVLIPAARAFDI	nan
149	2	2	S:RBD	IGHV3-53/3-66	IGKV1-9	1.0	1.0	AREGAAANTHGWFDP	nan
150	2	2	S:RBD	IGHV1-46	Diverse	1.0	0.5	ARGGIVPSASDAFDI	nan
151	2	2	S:S2	IGHV1-69	IGKV3-11	1.0	1.0	ARVDAYDSSGYYNDY	nan
152	2	2	S:NTD	Diverse	Diverse	0.5	0.5	ASGEHNYYYYYGMDV	nan
153	2	2	S:RBD	IGHV1-2	Diverse	1.0	0.5	ARGPYYYDSSGSLGAFDI	nan
154	2	2	S:RBD	IGHV3-30	IGKV1-33	1.0	1.0	AKALGPYCGGGSCYSGPFDY	nan
155	2	2	S:RBD	IGHV3-33	IGLV1-40	1.0	1.0	ARGADILTGYYNYYYYGMDV	nan
156	2	2	S:RBD	IGHV3-53/3-66	Diverse	1.0	0.5	ARDLDYMDV	nan
157	2	2	unknown	Diverse	Diverse	0.5	0.5	ARGLGWFDP	nan
158	2	2	S:RBD	IGHV4-4	IGKV1-NL1	1.0	1.0	ARVSGLFDP	nan
159	2	2	S:RBD	IGHV3-53/3-66	Diverse	1.0	0.5	ARCLPFGDYFDY	nan
160	2	2	S:RBD	Diverse	Diverse	0.5	0.5	ARDGDVAGNFDY	nan
161	2	2	S:RBD	IGHV3-11	IGKV1-33	1.0	1.0	ARDGVIPPRFDY	nan
162	2	2	S:RBD	IGHV3-11	IGKV1-33	1.0	1.0	ARDLGYNRRFDY	nan
163	2	2	S:RBD	IGHV3-53/3-66	IGKV1-33	1.0	1.0	ARDLRGPGLFDL	nan
164	2	2	S:RBD	IGHV1-8	IGLV3-21	1.0	1.0	ARGGALTGYVDY	nan
165	2	2	S:RBD	Diverse	IGLV6-57	0.5	1.0	ARVRWLQGGIDY	nan
166	2	2	S:RBD	Diverse	IGLV6-57	0.5	1.0	ASSLWLRGGFDI	nan
167	2	2	unknown	IGHV3-33	Diverse	1.0	0.5	ARDGLDDDYIWGSFKIRYYYMDV	nan
168	2	2	S:RBD	IGHV1-18	IGLV2-8	1.0	1.0	ARDLGKKYDSSGYSYYYYYNGMDV	nan
169	2	2	S:RBD	Diverse	Diverse	0.5	0.5	ARARGDAFDI	nan
170	2	2	S:RBD	Diverse	Diverse	0.5	0.5	ARVVANWFDP	nan
